{
  "clientList": [
    {
      "clientImageUrl": "assets/icons/top-providers/0d400bdf-4ad8-45bf-914c-be44018c2d07.png",
      "clientName": "Department for Promotion of Industry and Internal Trade",
      "clientUrl": "https://portal.prod.karmayogibharat.net/app/learn/browse-by/provider/Department for Promotion of Industry and Internal Trade/all-CBP",
      "shortName" : "DPIIT"
    },
    {
      "clientImageUrl": "assets/icons/top-providers/1becfffa-956e-48ba-8ffd-77c19cd720c8.jpeg",
      "clientName": "RAKNPA",
      "clientUrl": "https://portal.prod.karmayogibharat.net/app/learn/browse-by/provider/RAKNPA/all-CBP",
      "shortName" : "RAKNPA"
    },
    {
      "clientImageUrl": "assets/icons/top-providers/Wadhwani-Foundation-Logo.webp",
      "clientName": "Wadhwani Foundation",
      "clientUrl": "https://portal.prod.karmayogibharat.net/app/learn/browse-by/provider/wadhwani%20institute%20of%20technology%20and%20policy/all-CBP",
      "shortName" : "WF"
    },
    {
      "clientImageUrl": "assets/icons/top-providers/ISB_transparent_logo.png",
      "clientName": "Indian School of Business",
      "clientUrl": "https://portal.prod.karmayogibharat.net/app/learn/browse-by/provider/Indian%20School%20of%20Business/all-CBP",
      "shortName" : "ISB"
    },
    {
      "clientImageUrl": "assets/icons/top-providers/1d76c041-a7c9-437c-94d9-36d997f3804c.jpeg",
      "clientName": "Lal Bahadur Shastri National Academy of Administration (LBSNAA)",
      "clientUrl": "https://portal.prod.karmayogibharat.net/app/learn/browse-by/provider/LBSNAA/all-CBP",
      "shortName" : "LBSNAA"
    },
    {
      "clientImageUrl": "assets/icons/top-providers/1fb72c3f-1c96-4600-8e22-09871a85e6c4.jpeg",
      "clientName": "Ministry of Environment, Forest and Climate Change",
      "clientUrl": "https://portal.prod.karmayogibharat.net/app/learn/browse-by/provider/Ministry of Environment, Forest and Climate Change/all-CBP",
      "shortName" : "MoEFCC"
    },
    {
      "clientImageUrl": "assets/icons/top-providers/6f046f76-b778-476a-987b-8669e106b44c.jpeg",
      "clientName": "ISTM",
      "clientUrl": "https://portal.prod.karmayogibharat.net/app/learn/browse-by/provider/Institute of Secretariat Training and Management/all-CBP",
      "shortName" : "ISTM"
    },
    {
      "clientImageUrl": "assets/icons/top-providers/7f6df809-6930-44f4-abcf-c8297363d3e0.png",
      "clientName": "Department of Expenditure",
      "clientUrl": "https://portal.prod.karmayogibharat.net/app/learn/browse-by/provider/Department%20of%20Expenditure%20/all-CBP",
      "shortName" : "DoE"
    },
    {
      "clientImageUrl": "assets/icons/top-providers/dopt.png",
      "clientName": "Department of Personnel and Training DoPT",
      "clientUrl": "https://portal.prod.karmayogibharat.net/app/learn/browse-by/provider/Department%20of%20Personnel%20and%20Training%20DoPT/all-CBP",
      "shortName" : "DoPT"
    },
    {
      "clientImageUrl": "assets/icons/top-providers/7f8cab8e-9d22-44ba-a41e-83b907e5a5f0.jpeg",
      "clientName": "Indian Cybercrime Coordination Centre - I4C",
      "clientUrl": "https://portal.prod.karmayogibharat.net/app/learn/browse-by/provider/Indian%20Cybercrime%20Coordination%20Centre%20-%20I4C/all-CBP",
      "shortName" : "ICCC - I4C"
    },
    {
      "clientImageUrl": "assets/icons/top-providers/33e9c66f-312f-4244-901e-7d7525ae8847.jpeg",
      "clientName": "Capacity Building Commission",
      "clientUrl": "https://portal.prod.karmayogibharat.net/app/learn/browse-by/provider/Capacity Building Commission/all-CBP",
      "shortName" : "Capacity Building Commission"
    },
    {
      "clientImageUrl": "assets/icons/top-providers/36d93700-c43f-499e-ab3c-68ea76388a2a.png",
      "clientName": "Ministry of Railways",
      "clientUrl": "https://portal.prod.karmayogibharat.net/app/learn/browse-by/provider/Ministry of Railways/all-CBP",
      "shortName" : "Ministry of Railways"
    },
    {
      "clientImageUrl": "assets/icons/top-providers/385ff4a0-41af-4114-8015-10d26c1e8af4.jpeg",
      "clientName": "World Bank",
      "clientUrl": "https://portal.prod.karmayogibharat.net/app/learn/browse-by/provider/World Bank/all-CBP",
      "shortName" : "World Bank"
    },
    {
      "clientImageUrl": "assets/icons/top-providers/778b56bf-8946-45fe-87d3-358203f2faf4.png",
      "clientName": "Sashastra Seema Bal (SSB)",
      "clientUrl": "https://portal.prod.karmayogibharat.net/app/learn/browse-by/provider/Sashastra%20Seema%20Bal%20%28SSB%29/all-CBP",
      "shortName" : "SSB"
    },
    {
      "clientImageUrl": "assets/icons/top-providers/2862d2e5-473e-4c55-abaa-8a2f86e5eee4.jpeg",
      "clientName": "SVPNPA",
      "clientUrl": "https://portal.prod.karmayogibharat.net/app/learn/browse-by/provider/SVPNPA/all-CBP",
      "shortName" : "SVPNPA"
    },
    {
      "clientImageUrl": "assets/icons/top-providers/53407dd6-d22c-4dba-a394-015fae667636.png",
      "clientName": "Microsoft",
      "clientUrl": "https://portal.prod.karmayogibharat.net/app/learn/browse-by/provider/Microsoft/all-CBP",
      "shortName" : "Microsoft"
    },
    {
      "clientImageUrl": "assets/icons/top-providers/869960d7-2dc7-4205-8c4b-11321d901060.jpeg",
      "clientName": "Indian Institute of Public Administration",
      "clientUrl": "https://portal.prod.karmayogibharat.net/app/learn/browse-by/provider/Indian Institute of Public Administration/all-CBP",
      "shortName" : "IIPA "
    },
    {
      "clientImageUrl": "assets/icons/top-providers/4183673f-9063-4fa9-bf84-1e8856c8e531.jpeg",
      "clientName": "Food Corporation of India (FCI)",
      "clientUrl": "https://portal.prod.karmayogibharat.net/app/learn/browse-by/provider/Food%20Corporation%20of%20India%20%28FCI%29/all-CBP",
      "shortName" : "FCI"
    },
    {
      "clientImageUrl": "assets/icons/top-providers/a976f025-e990-49b0-a52a-9bd0a8e43584.jpeg",
      "clientName": "National Telecommunications Institute for Policy Research, Innovation and Training",
      "clientUrl": "https://portal.prod.karmayogibharat.net/app/learn/browse-by/provider/NTIPRIT/all-CBP",
      "shortName" : "NTIPRIT"
    },
    {
      "clientImageUrl": "assets/icons/top-providers/abbb8f64-84db-4a92-85c9-1b394ffab71c.png",
      "clientName": "The Art of Living",
      "clientUrl": "https://portal.prod.karmayogibharat.net/app/learn/browse-by/provider/The Art of Living/all-CBP",
      "shortName" : "The Art of Living"
    },
    {
      "clientImageUrl": "assets/icons/top-providers/b6bf0be6-7e29-4187-a29d-da6db1db7c69.jpeg",
      "clientName": "National Institute of Communication Finance",
      "clientUrl": "https://portal.prod.karmayogibharat.net/app/learn/browse-by/provider/National Institute of Communication Finance/all-CBP",
      "shortName" : "NICF"
    },
    {
      "clientImageUrl": "assets/icons/top-providers/cf567f4c-d0fa-447f-aba4-cb378ea3c90d.png",
      "clientName": "Department of Posts",
      "clientUrl": "https://portal.prod.karmayogibharat.net/app/learn/browse-by/provider/Department of Posts/all-CBP",
      "shortName" : "DoP"
    },
    {
      "clientImageUrl": "assets/icons/top-providers/ef8a88cf-33cc-42de-bdc3-7deed1ab2418.png",
      "clientName": "IIMB",
      "clientUrl": "https://portal.prod.karmayogibharat.net/app/learn/browse-by/provider/IIMB/all-CBP",
      "shortName" : "IIMB"
    },
    {
      "clientImageUrl": "assets/icons/top-providers/f445c11b-ff73-4ca4-9dea-8d8945d92a4a.png",
      "clientName": "Government e Market Place(GeM)",
      "clientUrl": "https://portal.prod.karmayogibharat.net/app/learn/browse-by/provider/Government%20e%20Market%20Place%28GeM%29/all-CBP",
      "shortName" : "GeM"
    },
    {
      "clientImageUrl": "assets/icons/top-providers/fc67226a-4bbc-449a-8c5c-e1b338716545.png",
      "clientName": "Bharat Sanchar Nigam Limited(BSNL)",
      "clientUrl": "https://portal.prod.karmayogibharat.net/app/learn/browse-by/provider/Bharat%20Sanchar%20Nigam%20Limited%28BSNL%29/all-CBP",
      "shortName" : "BSNL"
    },
    {
      "clientImageUrl": "assets/icons/top-providers/fccdb487-a389-48d9-bce0-c4d64315b546.png",
      "clientName": "Defence Accounts Department (DAD)",
      "clientUrl": "https://portal.prod.karmayogibharat.net/app/learn/browse-by/provider/Defence%20Accounts%20Department%20%28DAD%29/all-CBP",
      "shortName" : "DAD"
    },
    {
      "clientImageUrl": "assets/icons/top-providers/fcde4c60-7ccd-456e-a5df-260dcfa2d3ee.png",
      "clientName": "Morarji Desai National Institute of Yoga (MDNIY)",
      "clientUrl": "https://portal.prod.karmayogibharat.net/app/learn/browse-by/provider/Morarji%20Desai%20National%20Institute%20of%20Yoga%20%28MDNIY%29/all-CBP",
      "shortName" : "MDNIY"
    }
  ]
}